Year,Player,Team,ADP Rank,POS,ADP
2026,Jahmyr Gibbs,DET,1,RB1,1.5
2026,Bijan Robinson,ATL,2,RB2,1.5
2026,Ja'Marr Chase,CIN,3,WR1,3.0
2026,Puka Nacua,LAR,4,WR2,4.0
2026,Jaxon Smith-Njigba,SEA,5,WR3,5.0
2026,Christian McCaffrey,SF,6,RB3,6.0
2026,Jonathan Taylor,IND,7,RB4,7.5
2026,Amon-Ra St. Brown,DET,8,WR4,7.5
2026,Ashton Jeanty,LV,9,RB5,10.0
2026,CeeDee Lamb,DAL,10,WR5,10.5
2026,Justin Jefferson,MIN,11,WR6,11.0
2026,James Cook III,BUF,12,RB6,11.0
2026,De'Von Achane,MIA,13,RB7,12.5
2026,Saquon Barkley,PHI,14,RB8,15.0
2026,Chase Brown,CIN,15,RB9,15.5
2026,Omarion Hampton,LAC,16,RB10,16.0
2026,Kenneth Walker II,IKC,17,RB11,16.0
2026,Drake London,ATL,18,WR7,17.5
2026,Trey McBride,ARI,19,TE1,20.5
2026,Derrick Henry,BAL,20,RB12,20.5
2026,Brock Bowers,LV,21,TE2,21.0
2026,Jeremiyah Love,ARI,22,RB13,21.5
2026,Nico Collins,HOU,23,WR8,23.0
2026,Rashee Rice,KC,24,WR9,25.5
2026,George Pickens,DAL,25,WR10,25.5
2026,A.J. Brown,PHI,26,WR11,27.0
2026,Malik Nabers,NYG,27,WR12,28.0
2026,Chris Olave,NO,28,WR13,28.5
2026,Breece Hall,NYJ,29,RB14,29.5
2026,Josh Allen,BUF,30,QB1,30.0
2026,Kyren Williams,LAR,31,RB15,30.0
2026,Travis Etienne Jr.,NO,32,RB16,31.0
2026,Josh Jacobs,GB,33,RB17,32.0
2026,DeVonta Smith,PHI,34,WR14,34.5
2026,Zay Flowers,BAL,35,WR15,35.5
2026,Javonte Williams,DAL,36,RB18,36.0
2026,Garrett Wilson,NYJ,37,WR16,36.5
2026,Tee Higgins,CIN,38,WR17,37.0
2026,Tetairoa McMillan,CAR,39,WR18,38.0
2026,Ladd McConkey,LAC,40,WR19,39.5
2026,Emeka Egbuka,TB,41,WR20,41.5
2026,Cam Skattebo,NYG,42,RB19,42.0
2026,Colston Loveland,CHI,43,TE3,44.0
2026,Luther Burden III,CHI,44,WR21,45.5
2026,Bucky Irving,TB,45,RB20,47.5
2026,Davante Adams,LAR,46,WR22,48.0
2026,David Montgomery,HOU,47,RB21,49.0
2026,Terry McLaurin,WAS,48,WR23,49.5
2026,TreVeyon Henderson,NE,49,RB22,50.5
2026,Jaylen Waddle,DEN,50,WR24,50.5
2026,Jameson Williams,DET,51,WR25,50.5
2026,D'Andre Swift,CHI,52,RB23,51.5
2026,DJ Moore,BUF,53,WR26,52.0
2026,Lamar Jackson,BAL,54,QB2,52.0
2026,Quinshon Judkins,CLE,55,RB24,54.0
2026,Christian Watson,GB,56,WR27,55.0
2026,Mike Evans,SF,57,WR28,55.0
2026,Rome Odunze,CHI,58,WR29,57.0
2026,Joe Burrow,CIN,59,QB3,59.0
2026,Jadarian Price,SEA,60,RB25,61.5
2026,Bhayshul Tuten,JAC,61,RB26,61.5
2026,Carnell Tate,TEN,62,WR30,63.0
2026,Drake Maye,NE,63,QB4,63.5
2026,Tyler Warren,IND,64,TE4,63.5
2026,Jayden Daniels,WAS,65,QB5,64.5
2026,Marvin Harrison Jr.,ARI,66,WR31,67.0
2026,Chuba Hubbard,CAR,67,RB27,67.0
2026,Caleb Williams,CHI,68,QB6,68.5
2026,Jalen Hurts,PHI,69,QB7,71.5
2026,Jordyn Tyson,NO,70,WR32,72.0
2026,Jaylen Warren,PIT,71,RB28,72.5
2026,DK Metcalf,PIT,72,WR33,73.0
2026,Parker Washington,JAC,73,WR34,73.5
2026,Brian Thomas Jr.,JAC,74,WR35,74.0
2026,Alec Pierce,IND,75,WR36,75.5
2026,Rhamondre Stevenson,NE,76,RB29,76.5
2026,Justin Herbert,LAC,77,QB8,77.5
2026,RJ Harvey,DEN,78,RB30,78.0
2026,Dak Prescott,DAL,79,QB9,78.5
2026,Courtland Sutton,DEN,80,WR37,79.5
2026,Tony Pollard,TEN,81,RB31,79.5
2026,Trevor Lawrence,JAC,82,QB10,81.0
2026,Jaxson Dart,NYG,83,QB11,83.5
2026,Harold Fannin Jr.,CLE,84,TE5,84.5
2026,Makai Lemon,PHI,85,WR38,84.5
2026,Tucker Kraft,GB,86,TE6,86.0
2026,Rico Dowdle,PIT,87,RB32,87.5
2026,Michael Wilson,ARI,88,WR39,89.5
2026,Chris Godwin Jr.,TB,89,WR40,91.0
2026,Kyle Monangai,CHI,90,RB33,92.5
2026,Patrick Mahomes I,IKC,91,QB12,93.0
2026,Matthew Stafford,LAR,92,QB13,94.5
2026,Brock Purdy,SF,93,QB14,94.5
2026,Kyle Pitts Sr.,ATL,94,TE7,95.0
2026,Sam LaPorta,DET,95,TE8,95.0
2026,Quentin Johnston,LAC,96,WR41,96.0
2026,Jayden Reed,GB,97,WR42,96.5
2026,Jakobi Meyers,JAC,98,WR43,96.5
2026,Kenneth Gainwell,TB,99,RB34,97.0
2026,Ricky Pearsall,SF,100,WR44,98.0
2026,Jordan Addison,MIN,101,WR45,99.0
2026,Michael Pittman Jr.,PIT,102,WR46,99.5
2026,Blake Corum,LAR,103,RB35,101.0
2026,Bo Nix,DEN,104,QB15,102.0
2026,Jared Goff,DET,105,QB16,102.0
2026,Josh Downs,IND,106,WR47,105.0
2026,J.K. Dobbins,DEN,107,RB36,107.5
2026,Kyler Murray,MIN,108,QB17,108.0
2026,Tyler Shough,NO,109,QB18,109.0
2026,Jordan Love,GB,110,QB19,109.0
2026,Wan'Dale Robinson,TEN,111,WR48,110.5
2026,Baker Mayfield,TB,112,QB20,111.5
2026,Xavier Worthy,KC,113,WR49,114.0
2026,Romeo Doubs,NE,114,WR50,115.5
2026,Matthew Golden,GB,115,WR51,118.0
2026,Travis Kelce,KC,116,TE9,119.5
2026,George Kittle,SF,117,TE10,119.5
2026,Rachaad White,WAS,118,RB37,120.5
2026,Khalil Shakir,BUF,119,WR52,121.5
2026,Jake Ferguson,DAL,120,TE11,122.0
2026,Jacory Croskey-Merritt,WAS,121,RB38,122.0
2026,Jonathon Brooks,CAR,122,RB39,122.5
2026,Chris Rodriguez Jr.,JAC,123,RB40,122.5
2026,Jayden Higgins,HOU,124,WR53,123.0
2026,Jordan Mason,MIN,125,RB41,123.5
2026,KC Concepcion,CLE,126,WR54,124.0
2026,Aaron Jones Sr.,MIN,127,RB42,124.5
2026,Dalton Kincaid,BUF,128,TE12,124.5
2026,Malik Willis,MIA,129,QB21,125.0
2026,Dallas Goedert,PHI,130,TE13,131.5
2026,Jalen Coker,CAR,131,WR55,131.5
2026,Isaiah Likely,NYG,132,TE14,131.5
2026,Tyrone Tracy Jr.,NYG,133,RB43,132.0
2026,Sam Darnold,SEA,134,QB22,132.5
2026,C.J. Stroud,HOU,135,QB23,133.0
2026,Cam Ward,TEN,136,QB24,135.5
2026,Oronde Gadsden II,LAC,137,TE15,137.5
2026,Mark Andrews,BAL,138,TE16,137.5
2026,Daniel Jones,IND,139,QB25,139.5
2026,Stefon Diggs,,140,WR56,140.5
2026,Woody Marks,HOU,141,RB44,142.5
2026,Bryce Young,CAR,142,QB26,144.0
2026,Tyler Allgeier,ARI,143,RB45,147.0
2026,Juwan Johnson,NO,144,TE17,147.0
2026,Jauan Jennings,MIN,145,WR57,147.5
2026,Rashid Shaheed,SEA,146,WR58,148.5
2026,Isiah Pacheco,DET,147,RB46,150.5
2026,Jalen McMillan,TB,148,WR59,150.5
2026,Kenyon Sadiq,NYJ,149,TE18,151.0
2026,Chig Okonkwo,WAS,150,TE19,153.0
2026,Brenton Strange,JAC,151,TE20,153.0
2026,Tyjae Spears,TEN,152,RB47,153.5
2026,Dylan Sampson,CLE,153,RB48,154.0
2026,Hunter Henry,NE,154,TE21,155.5
2026,Keaton Mitchell,LAC,155,RB49,156.0
2026,Jonah Coleman,DEN,156,RB50,157.0
2026,Tre Tucker,LV,157,WR60,157.0
2026,Omar Cooper Jr.,NYJ,158,WR61,158.5
2026,Jalen Nailor,LV,159,WR62,161.5
2026,Deebo Samuel Sr.,,160,WR63,163.0
2026,T.J. Hockenson,MIN,161,TE22,164.0
2026,Aaron Rodgers,PIT,162,QB27,166.0
2026,Jacoby Brissett,ARI,163,QB28,168.0
2026,Denzel Boston,CLE,164,WR64,168.0
2026,Travis Hunter,JAC,165,WR65,168.5
2026,Emmett Johnson,KC,166,RB51,169.5
2026,Zach Charbonnet,SEA,167,RB52,169.5
2026,Fernando Mendoza,LV,168,QB29,169.5
2026,Emanuel Wilson,SEA,169,RB53,169.5
2026,Brian Robinson Jr.,ATL,170,RB54,171.5
2026,Geno Smith,NYJ,171,QB30,171.5
2026,Dalton Schultz,HOU,172,TE23,172.0
2026,Alvin Kamara,NO,173,RB55,178.0
2026,AJ Barner,SEA,174,TE24,178.0
2026,Jerry Jeudy,CLE,175,WR66,179.0
2026,Brandon Aiyuk,SF,176,WR67,180.0
2026,Antonio Williams,WAS,177,WR68,180.0
2026,Isaac TeSlaa,DET,178,WR69,181.5
2026,Ryan Flournoy,DAL,179,WR70,182.0
2026,Kaytron Allen,WAS,180,RB56,182.5
2026,Tre' Harris,LAC,181,WR71,183.0
2026,Tank Bigsby,PHI,182,RB57,183.5
2026,Gunnar Helm,TEN,183,TE25,188.0
2026,Mike Washington Jr.,LV,184,RB58,191.0
2026,Nicholas Singleton,TEN,185,RB59,193.0
2026,Sean Tucker,TB,186,RB60,195.5
2026,Malik Washington,MIA,187,WR72,197.5
2026,James Conner,ARI,188,RB61,198.0
2026,Kimani Vidal,LAC,189,RB62,198.0
2026,Cade Otton,TB,190,TE26,198.5
2026,Pat Freiermuth,PIT,191,TE27,199.0
2026,David Njoku,LAC,192,TE28,199.5
2026,Tua Tagovailoa,ATL,193,QB31,200.0
2026,Braelon Allen,NYJ,194,RB63,201.0
2026,Calvin Ridley,TEN,195,WR73,204.0
2026,Ray Davis,BUF,196,RB64,204.0
2026,Kayshon Boutte,NE,197,WR74,206.5
2026,Tyreek Hill,,198,WR75,209.0
2026,De'Zhaun Stribling,SF,199,WR76,209.5
2026,Houston Texans,DST,200,DST1,141.0
2026,Darnell Mooney,NYG,201,WR77,210.0
2026,Adonai Mitchell,NYJ,202,WR78,210.5
2026,Troy Franklin,DEN,203,WR79,213.5
2026,Colby Parkinson,LAR,204,TE29,215.0
2026,Malachi Fields,NYG,205,WR80,215.0
2026,Seattle Seahawks,DST,206,DST2,153.0
2026,Denver Broncos,DST,207,DST3,156.0
2026,Zachariah Branch,ATL,208,WR81,218.0
2026,Deshaun Watson,CLE,209,QB32,219.0
2026,Jordan James,SF,210,RB65,219.5
2026,Cooper Kupp,SEA,211,WR82,220.0
2026,Chris Bell,MIA,212,WR83,221.0
2026,Jake Tonges,SF,213,TE30,221.5
2026,Germie Bernard,PIT,214,WR84,222.0
2026,Christian Kirk,SF,215,WR85,222.0
2026,Terrance Ferguson,LAR,216,TE31,222.5
2026,Los Angeles Rams,DST,217,DST4,167.0
2026,Tank Dell,HOU,218,WR86,223.5
2026,Greg Dulcich,MIA,219,TE32,224.0
2026,Michael Penix Jr.,ATL,220,QB33,227.5
2026,Eli Stowers,PHI,221,TE33,228.5
2026,Cleveland Browns,DST,222,DST5,180.0
2026,Kirk Cousins,LV,223,QB34,229.5
2026,Minnesota Vikings,DST,224,DST6,182.0
2026,Shedeur Sanders,CLE,225,QB35,231.0
2026,Philadelphia Eagles,DST,226,DST7,185.0
2026,New England Patriots,DST,227,DST8,187.0
2026,Pittsburgh Steelers,DST,228,DST9,189.0
2026,Jacksonville Jaguars,DST,229,DST10,190.0
2026,Kaelon Black,SF,230,RB66,235.0
2026,Jaylen Wright,MIA,231,RB67,236.5
2026,Ted Hurst II,ITB,232,WR87,257.0
2026,Los Angeles Chargers,DST,233,DST11,198.0
2026,Baltimore Ravens,DST,234,DST12,199.0
2026,Justice Hill,BAL,235,RB68,249.0
2026,Chicago Bears,DST,236,DST13,203.0
2026,Demond Claiborne,MIN,237,RB69,243.0
2026,Green Bay Packers,DST,238,DST14,208.0
2026,Chris Brooks,GB,239,RB70,267.5
2026,Mike Gesicki,CIN,240,TE34,252.5
2026,Buffalo Bills,DST,241,DST15,213.0
2026,Atlanta Falcons,DST,242,DST16,214.0
2026,MarShawn Lloyd,GB,243,RB71,273.0
2026,New York Giants,DST,244,DST17,217.0
2026,Detroit Lions,DST,245,DST18,218.0
2026,Dontayvion Wicks,PHI,246,WR88,255.0
2026,Kansas City Chiefs,DST,247,DST19,220.0
2026,New Orleans Saints,DST,248,DST20,221.0
2026,Tyquan Thornton,KC,249,WR89,283.5
2026,Samaje Perine,CIN,250,RB72,287.0
2026,San Francisco 49ers,DST,251,DST21,225.0
2026,Indianapolis Colts,DST,252,DST22,226.0
2026,Pat Bryant,DEN,253,WR90,278.5
2026,Chimere Dike,TEN,254,WR91,254.0
2026,Keon Coleman,BUF,255,WR92,285.5
2026,Carolina Panthers,DST,256,DST23,230.0
2026,Carson Beck,ARI,257,QB36,293.0
2026,Keenan Allen,LAC,258,WR93,295.5
2026,Eli Heidenreich,PIT,259,RB73,283.5
2026,Dallas Cowboys,DST,260,DST24,234.0
2026,Tory Horton,SEA,261,WR94,288.5
2026,Ty Johnson,BUF,262,RB74,292.5
2026,DJ Giddens,IND,263,RB75,288.0
2026,Chris Brazzell II,CAR,264,WR95,290.5
2026,Tampa Bay Buccaneers,DST,265,DST25,238.0
2026,Nick Westbrook-Ikhine,IND,266,WR96,259.0
2026,Jaylin Noel,HOU,267,WR97,286.0
2026,Ja'Kobi Lane,BAL,268,WR98,307.5
2026,Darius Slayton,NYG,269,WR99,311.0
2026,Tennessee Titans,DST,270,DST26,242.0
2026,Malik Benson,LV,271,WR100,260.5
2026,Evan Engram,DEN,272,TE35,281.0
2026,Jalen Tolbert,MIA,273,WR101,298.5
2026,Skyler Bell,BUF,274,WR102,307.0
2026,Justin Fields,KC,275,QB37,292.0
2026,Las Vegas Raiders,DST,276,DST27,247.0
2026,Bryce Lance,NO,277,WR103,284.5
2026,Oscar Delp,NO,278,TE36,303.0
2026,Michael Mayer,LV,279,TE37,311.0
2026,Jordan Whittington,LAR,280,WR104,250.0
2026,Rashod Bateman,BAL,281,WR105,293.5
2026,Cincinnati Bengals,DST,282,DST28,251.0
2026,Malik Davis,DAL,283,RB76,273.5
2026,Nick Chubb,,284,RB77,252.0
2026,Theo Johnson,NYG,285,TE38,287.5
2026,Robert Henry Jr.,WAS,286,RB78,253.0
2026,Elijah Sarratt,BAL,287,WR106,318.0
2026,Miami Dolphins,DST,288,DST29,254.0
2026,Jaydon Blue,DAL,289,RB79,277.5
2026,Luke Musgrave,GB,290,TE39,255.0
2026,Caleb Douglas,MIA,291,WR107,292.0
2026,Darren Waller,,292,TE40,257.0
2026,Najee Harris,LAC,293,RB80,311.0
2026,Kareem Hunt,,294,RB81,258.0
2026,Devaughn Vele,NO,295,WR108,318.5
2026,Washington Commanders,DST,296,DST30,259.0
2026,Adam Randall,BAL,297,RB82,300.0
2026,Jake Browning,TB,298,QB38,260.0
2026,Ollie Gordon II,MIA,299,RB83,303.5
2026,Will Shipley,PHI,300,RB84,261.0
2026,Andrei Iosivas,CIN,301,WR109,314.0
2026,Joshua Palmer,BUF,302,WR110,262.0
2026,Kalif Raymond,CHI,303,WR111,263.0
2026,Jack Bech,LV,304,WR112,312.0
2026,Michael Carter,TEN,305,RB85,264.0
2026,Ja'Tavion Sanders,CAR,306,TE41,283.5
2026,Konata Mumpfield,LAR,307,WR113,265.0
2026,Kendrick Bourne,ARI,308,WR114,326.0
2026,Jahan Dotson,ATL,309,WR115,322.0
2026,Savion Williams,GB,310,WR116,267.0
2026,Treylon Burks,WAS,311,WR117,288.5
2026,Brenen Thompson,LAC,312,WR118,296.5
2026,Dont'e Thornton Jr.,LV,313,WR119,269.0
2026,Mason Taylor,NYJ,314,TE42,300.0
2026,Devontez Walker,BAL,315,WR120,270.0
2026,DeMario Douglas,NE,316,WR121,274.5
2026,Zavion Thomas,CHI,317,WR122,280.0
2026,Kevin Coleman Jr.,MIA,318,WR123,271.0
2026,Tommy DeVito,NE,319,QB39,272.0
2026,Efton Chism II,INE,320,WR124,273.0
2026,Dawson Knox,BUF,321,TE43,315.0
2026,Theo Wease Jr.,MIA,322,WR125,274.0
2026,LeQuint Allen Jr.,JAC,323,RB86,305.0
2026,Austin Ekeler,,324,RB87,275.0
2026,Trey Benson,ARI,325,RB88,294.5
2026,Elijah Higgins,ARI,326,TE44,276.0
2026,Darnell Washington,PIT,327,TE45,325.0
2026,Elijah Arroyo,SEA,328,TE46,331.0
2026,Audric Estime,NO,329,RB89,278.0
2026,Elic Ayomanor,TEN,330,WR126,297.5
2026,Jahdae Walker,CHI,331,WR127,279.0
2026,Spencer Rattler,NO,332,QB40,280.0
2026,John Metchie III,CAR,333,WR128,281.0
2026,Joe Milton III,DAL,334,QB41,282.0
2026,Trey Lance,LAC,335,QB42,283.0
2026,Isaac Guerendo,SF,336,RB90,284.0
2026,Luke McCaffrey,WAS,337,WR129,285.0
2026,Will Howard,PIT,338,QB43,286.0
2026,Kyle Allen,BUF,339,QB44,287.0
2026,Calvin Austin III,NYG,340,WR130,288.0
2026,Mac Jones,SF,341,QB45,289.0
2026,New York Jets,DST,342,DST31,291.0
2026,Eli Raridon,NE,343,TE47,293.0
2026,Tyler Huntley,BAL,344,QB46,294.0
2026,Ben Sinnott,WAS,345,TE48,298.0
2026,Colbie Young,CIN,346,WR131,299.0
2026,Jerome Ford,WAS,347,RB91,300.0
2026,Jarrett Stidham,DEN,348,QB47,302.0
2026,Greg Dortch,DET,349,WR132,304.0
2026,Jalen Royals,KC,350,WR133,305.0
2026,Joe Mixon,,351,RB92,306.0
2026,Jarquez Hunter,LAR,352,RB93,307.0
2026,Arizona Cardinals,DST,353,DST32,308.0
2026,Tahj Brooks,CIN,354,RB94,309.0
2026,Hollywood Brown,PHI,355,WR134,311.0
2026,Zach Ertz,,356,TE49,312.0
2026,Trevor Etienne,CAR,357,RB95,313.0
2026,Tyson Bagent,CHI,358,QB48,315.0
2026,Tommy Tremble,CAR,359,TE50,316.0
2026,Seth McGowan,IND,360,RB96,319.0
2026,Anthony Richardson Sr.,IND,361,QB49,321.0
2026,Marcus Mariota,WAS,362,QB50,324.0
2026,Isaiah Bond,CLE,363,WR135,327.0
2026,Tyler Higbee,LAR,364,TE51,330.0
2026,Tutu Atwell,MIA,365,WR136,335.0
2026,Jameis Winston,NYG,366,QB51,339.0
2026,Ty Simpson,LAR,367,QB52,345.0
2026,Emari Demercado,KC,368,RB97,348.0
2026,Jonnu Smith,,369,TE52,349.0
2026,Isaiah Davis,NYJ,370,RB98,351.0
2026,J.J. McCarthy,MIN,371,QB53,353.0
2026,Cole Kmet,CHI,372,TE53,355.0
2026,Olamide Zaccheaus,ATL,373,WR137,359.0
2026,Devin Neal,NO,374,RB99,362.0
2026,Noah Gray,KC,375,TE54,363.0
2026,Xavier Legette,CAR,376,WR138,364.0
2026,Kaleb Johnson,PIT,377,RB100,366.0
2026,Justin Joly,DEN,378,TE55,368.0
2026,Kyle Williams,NE,379,WR139,370.0
2026,George Holani,SEA,380,RB101,371.0
2026,Joe Flacco,CIN,381,QB54,372.0
2026,Mack Hollins,NE,382,WR140,376.0
2026,Marvin Mims Jr.,DEN,383,WR141,377.0
2026,Max Klare,LAR,384,TE56,380.0
2026,Devin Singletary,NYG,385,RB102,382.0
2026,Brashard Smith,KC,386,RB103,384.0
2026,Tez Johnson,TB,387,WR142,386.0
